{
  "DELETE Character" : {
    "transaction" : "DELETE Character",
    "sampleCount" : 9787,
    "errorCount" : 9787,
    "errorPct" : 100.0,
    "meanResTime" : 134.69571881066688,
    "medianResTime" : 134.0,
    "minResTime" : 2.0,
    "maxResTime" : 496.0,
    "pct1ResTime" : 213.0,
    "pct2ResTime" : 229.0,
    "pct3ResTime" : 288.1200000000008,
    "throughput" : 321.68682618985014,
    "receivedKBytesPerSec" : 85.76221049787996,
    "sentKBytesPerSec" : 66.91337302581843
  },
  "POST Character" : {
    "transaction" : "POST Character",
    "sampleCount" : 10277,
    "errorCount" : 300,
    "errorPct" : 2.9191399,
    "meanResTime" : 572.3283059258534,
    "medianResTime" : 134.0,
    "minResTime" : 2.0,
    "maxResTime" : 21203.0,
    "pct1ResTime" : 218.0,
    "pct2ResTime" : 271.10000000000036,
    "pct3ResTime" : 15002.879999999997,
    "throughput" : 270.3975583445155,
    "receivedKBytesPerSec" : 85.3564752463362,
    "sentKBytesPerSec" : 57.76236018200595
  },
  "GET All Characters" : {
    "transaction" : "GET All Characters",
    "sampleCount" : 10728,
    "errorCount" : 910,
    "errorPct" : 8.482476,
    "meanResTime" : 1883.6279828486174,
    "medianResTime" : 141.0,
    "minResTime" : 4.0,
    "maxResTime" : 30577.0,
    "pct1ResTime" : 286.10000000000036,
    "pct2ResTime" : 15001.0,
    "pct3ResTime" : 30227.0,
    "throughput" : 335.1557374488425,
    "receivedKBytesPerSec" : 297780.1444149497,
    "sentKBytesPerSec" : 50.58550427223593
  },
  "Total" : {
    "transaction" : "Total",
    "sampleCount" : 50550,
    "errorCount" : 10997,
    "errorPct" : 21.754698,
    "meanResTime" : 594.6437388724065,
    "medianResTime" : 188.0,
    "minResTime" : 2.0,
    "maxResTime" : 30577.0,
    "pct1ResTime" : 238.0,
    "pct2ResTime" : 317.0,
    "pct3ResTime" : 30126.980000000003,
    "throughput" : 1328.8992875732802,
    "receivedKBytesPerSec" : 250864.89087474367,
    "sentKBytesPerSec" : 247.59940045085307
  },
  "GET Character by ID" : {
    "transaction" : "GET Character by ID",
    "sampleCount" : 9909,
    "errorCount" : 0,
    "errorPct" : 0.0,
    "meanResTime" : 134.09587243919609,
    "medianResTime" : 134.0,
    "minResTime" : 2.0,
    "maxResTime" : 496.0,
    "pct1ResTime" : 213.0,
    "pct2ResTime" : 228.0,
    "pct3ResTime" : 287.0,
    "throughput" : 325.66470568902616,
    "receivedKBytesPerSec" : 83.96043193545206,
    "sentKBytesPerSec" : 50.88511026391034
  },
  "PUT Character" : {
    "transaction" : "PUT Character",
    "sampleCount" : 9849,
    "errorCount" : 0,
    "errorPct" : 0.0,
    "meanResTime" : 134.31201137171254,
    "medianResTime" : 134.0,
    "minResTime" : 2.0,
    "maxResTime" : 496.0,
    "pct1ResTime" : 213.0,
    "pct2ResTime" : 229.0,
    "pct3ResTime" : 290.0,
    "throughput" : 323.72469103339466,
    "receivedKBytesPerSec" : 85.35709626857087,
    "sentKBytesPerSec" : 66.38885265333289
  }
}