{
  "DELETE Character" : {
    "transaction" : "DELETE Character",
    "sampleCount" : 100,
    "errorCount" : 100,
    "errorPct" : 100.0,
    "meanResTime" : 0.7700000000000001,
    "medianResTime" : 1.0,
    "minResTime" : 0.0,
    "maxResTime" : 4.0,
    "pct1ResTime" : 1.0,
    "pct2ResTime" : 2.0,
    "pct3ResTime" : 3.989999999999995,
    "throughput" : 106.49627263045794,
    "receivedKBytesPerSec" : 28.392072683706072,
    "sentKBytesPerSec" : 22.152056709265178
  },
  "POST Character" : {
    "transaction" : "POST Character",
    "sampleCount" : 100,
    "errorCount" : 0,
    "errorPct" : 0.0,
    "meanResTime" : 0.9899999999999999,
    "medianResTime" : 1.0,
    "minResTime" : 0.0,
    "maxResTime" : 4.0,
    "pct1ResTime" : 2.0,
    "pct2ResTime" : 2.9499999999999886,
    "pct3ResTime" : 3.989999999999995,
    "throughput" : 105.9322033898305,
    "receivedKBytesPerSec" : 28.562384136652543,
    "sentKBytesPerSec" : 23.069220074152543
  },
  "GET All Characters" : {
    "transaction" : "GET All Characters",
    "sampleCount" : 100,
    "errorCount" : 0,
    "errorPct" : 0.0,
    "meanResTime" : 2.560000000000001,
    "medianResTime" : 2.0,
    "minResTime" : 1.0,
    "maxResTime" : 17.0,
    "pct1ResTime" : 3.9000000000000057,
    "pct2ResTime" : 11.0,
    "pct3ResTime" : 17.0,
    "throughput" : 104.05827263267429,
    "receivedKBytesPerSec" : 242.33078336368368,
    "sentKBytesPerSec" : 16.157485691987514
  },
  "Total" : {
    "transaction" : "Total",
    "sampleCount" : 500,
    "errorCount" : 100,
    "errorPct" : 20.0,
    "meanResTime" : 1.1720000000000013,
    "medianResTime" : 1.0,
    "minResTime" : 0.0,
    "maxResTime" : 17.0,
    "pct1ResTime" : 2.0,
    "pct2ResTime" : 3.0,
    "pct3ResTime" : 11.0,
    "throughput" : 519.2107995846313,
    "receivedKBytesPerSec" : 351.6628942757009,
    "sentKBytesPerSec" : 97.85906671858775
  },
  "GET Character by ID" : {
    "transaction" : "GET Character by ID",
    "sampleCount" : 100,
    "errorCount" : 0,
    "errorPct" : 0.0,
    "meanResTime" : 0.6600000000000003,
    "medianResTime" : 1.0,
    "minResTime" : 0.0,
    "maxResTime" : 3.0,
    "pct1ResTime" : 1.0,
    "pct2ResTime" : 2.0,
    "pct3ResTime" : 3.0,
    "throughput" : 106.15711252653928,
    "receivedKBytesPerSec" : 27.36863057324841,
    "sentKBytesPerSec" : 16.587048832271762
  },
  "PUT Character" : {
    "transaction" : "PUT Character",
    "sampleCount" : 100,
    "errorCount" : 0,
    "errorPct" : 0.0,
    "meanResTime" : 0.8800000000000001,
    "medianResTime" : 1.0,
    "minResTime" : 0.0,
    "maxResTime" : 4.0,
    "pct1ResTime" : 1.0,
    "pct2ResTime" : 2.0,
    "pct3ResTime" : 4.0,
    "throughput" : 106.26992561105207,
    "receivedKBytesPerSec" : 28.02039054197662,
    "sentKBytesPerSec" : 21.79363708820404
  }
}