{
  "DELETE Character" : {
    "transaction" : "DELETE Character",
    "sampleCount" : 219707,
    "errorCount" : 95969,
    "errorPct" : 43.680447,
    "meanResTime" : 59.99417405908632,
    "medianResTime" : 1.0,
    "minResTime" : 0.0,
    "maxResTime" : 33970.0,
    "pct1ResTime" : 5.0,
    "pct2ResTime" : 8.0,
    "pct3ResTime" : 10281.0,
    "throughput" : 897.1734017183365,
    "receivedKBytesPerSec" : 1004.6190599120822,
    "sentKBytesPerSec" : 108.16459335492144
  },
  "POST Character" : {
    "transaction" : "POST Character",
    "sampleCount" : 220176,
    "errorCount" : 94802,
    "errorPct" : 43.057373,
    "meanResTime" : 156.6994222803554,
    "medianResTime" : 1.0,
    "minResTime" : 0.0,
    "maxResTime" : 34723.0,
    "pct1ResTime" : 5.0,
    "pct2ResTime" : 9.0,
    "pct3ResTime" : 3789.0,
    "throughput" : 898.9894453177633,
    "receivedKBytesPerSec" : 1006.8813893340547,
    "sentKBytesPerSec" : 110.48019051252476
  },
  "GET All Characters" : {
    "transaction" : "GET All Characters",
    "sampleCount" : 220442,
    "errorCount" : 94333,
    "errorPct" : 42.792664,
    "meanResTime" : 317.00502626541277,
    "medianResTime" : 145.0,
    "minResTime" : 0.0,
    "maxResTime" : 333395.0,
    "pct1ResTime" : 183.0,
    "pct2ResTime" : 200.0,
    "pct3ResTime" : 1365.0,
    "throughput" : 425.43311994966797,
    "receivedKBytesPerSec" : 6796.0728813453015,
    "sentKBytesPerSec" : 37.79028817349018
  },
  "Total" : {
    "transaction" : "Total",
    "sampleCount" : 1100105,
    "errorCount" : 476804,
    "errorPct" : 43.341682,
    "meanResTime" : 153.53962576299807,
    "medianResTime" : 2.0,
    "minResTime" : 0.0,
    "maxResTime" : 333395.0,
    "pct1ResTime" : 4.0,
    "pct2ResTime" : 6.0,
    "pct3ResTime" : 11110.960000000006,
    "throughput" : 2123.1031401558207,
    "receivedKBytesPerSec" : 8691.918624022139,
    "sentKBytesPerSec" : 229.75591039321424
  },
  "GET Character by ID" : {
    "transaction" : "GET Character by ID",
    "sampleCount" : 220008,
    "errorCount" : 95824,
    "errorPct" : 43.55478,
    "meanResTime" : 157.15145812879425,
    "medianResTime" : 1.0,
    "minResTime" : 0.0,
    "maxResTime" : 34085.0,
    "pct1ResTime" : 5.0,
    "pct2ResTime" : 9.0,
    "pct3ResTime" : 588.9800000000032,
    "throughput" : 898.3291685040913,
    "receivedKBytesPerSec" : 1001.8503719700358,
    "sentKBytesPerSec" : 81.13764674515532
  },
  "PUT Character" : {
    "transaction" : "PUT Character",
    "sampleCount" : 219772,
    "errorCount" : 95876,
    "errorPct" : 43.62521,
    "meanResTime" : 76.31235098192558,
    "medianResTime" : 1.0,
    "minResTime" : 0.0,
    "maxResTime" : 34130.0,
    "pct1ResTime" : 5.0,
    "pct2ResTime" : 8.0,
    "pct3ResTime" : 174.9900000000016,
    "throughput" : 897.4461586207459,
    "receivedKBytesPerSec" : 997.8882233723039,
    "sentKBytesPerSec" : 106.3800676960402
  }
}