{
  "DELETE Character" : {
    "transaction" : "DELETE Character",
    "sampleCount" : 2000,
    "errorCount" : 2000,
    "errorPct" : 100.0,
    "meanResTime" : 6.080000000000003,
    "medianResTime" : 2.0,
    "minResTime" : 0.0,
    "maxResTime" : 39.0,
    "pct1ResTime" : 24.0,
    "pct2ResTime" : 25.0,
    "pct3ResTime" : 36.0,
    "throughput" : 1352.265043948614,
    "receivedKBytesPerSec" : 360.51597363083164,
    "sentKBytesPerSec" : 281.28169371196753
  },
  "POST Character" : {
    "transaction" : "POST Character",
    "sampleCount" : 2000,
    "errorCount" : 0,
    "errorPct" : 0.0,
    "meanResTime" : 6.572999999999995,
    "medianResTime" : 2.0,
    "minResTime" : 0.0,
    "maxResTime" : 39.0,
    "pct1ResTime" : 23.0,
    "pct2ResTime" : 26.0,
    "pct3ResTime" : 30.99000000000001,
    "throughput" : 1354.0961408259986,
    "receivedKBytesPerSec" : 367.0274944989844,
    "sentKBytesPerSec" : 294.8861712931618
  },
  "GET All Characters" : {
    "transaction" : "GET All Characters",
    "sampleCount" : 2000,
    "errorCount" : 0,
    "errorPct" : 0.0,
    "meanResTime" : 121.28750000000012,
    "medianResTime" : 32.0,
    "minResTime" : 0.0,
    "maxResTime" : 522.0,
    "pct1ResTime" : 311.9000000000001,
    "pct2ResTime" : 445.84999999999945,
    "pct3ResTime" : 505.99,
    "throughput" : 1337.7926421404682,
    "receivedKBytesPerSec" : 54700.02090301003,
    "sentKBytesPerSec" : 207.72366220735785
  },
  "Total" : {
    "transaction" : "Total",
    "sampleCount" : 10000,
    "errorCount" : 2000,
    "errorPct" : 20.0,
    "meanResTime" : 29.340100000000007,
    "medianResTime" : 2.0,
    "minResTime" : 0.0,
    "maxResTime" : 522.0,
    "pct1ResTime" : 36.0,
    "pct2ResTime" : 202.0,
    "pct3ResTime" : 445.96999999999935,
    "throughput" : 6600.660066006601,
    "receivedKBytesPerSec" : 55376.10741542905,
    "sentKBytesPerSec" : 1244.0697194719473
  },
  "GET Character by ID" : {
    "transaction" : "GET Character by ID",
    "sampleCount" : 2000,
    "errorCount" : 0,
    "errorPct" : 0.0,
    "meanResTime" : 6.350500000000009,
    "medianResTime" : 2.0,
    "minResTime" : 0.0,
    "maxResTime" : 49.0,
    "pct1ResTime" : 24.0,
    "pct2ResTime" : 26.0,
    "pct3ResTime" : 33.0,
    "throughput" : 1350.4388926401082,
    "receivedKBytesPerSec" : 348.16002700877783,
    "sentKBytesPerSec" : 211.00607697501687
  },
  "PUT Character" : {
    "transaction" : "PUT Character",
    "sampleCount" : 2000,
    "errorCount" : 0,
    "errorPct" : 0.0,
    "meanResTime" : 6.409499999999993,
    "medianResTime" : 2.0,
    "minResTime" : 0.0,
    "maxResTime" : 64.0,
    "pct1ResTime" : 24.0,
    "pct2ResTime" : 25.0,
    "pct3ResTime" : 33.0,
    "throughput" : 1352.265043948614,
    "receivedKBytesPerSec" : 356.5542596348884,
    "sentKBytesPerSec" : 277.3199797160243
  }
}