{
  "DELETE Character" : {
    "transaction" : "DELETE Character",
    "sampleCount" : 16520,
    "errorCount" : 16520,
    "errorPct" : 100.0,
    "meanResTime" : 7.9270581113801395,
    "medianResTime" : 5.0,
    "minResTime" : 0.0,
    "maxResTime" : 80.0,
    "pct1ResTime" : 12.0,
    "pct2ResTime" : 20.0,
    "pct3ResTime" : 58.789999999999054,
    "throughput" : 521.1356466876972,
    "receivedKBytesPerSec" : 138.93557768138803,
    "sentKBytesPerSec" : 108.40028588328076
  },
  "POST Character" : {
    "transaction" : "POST Character",
    "sampleCount" : 16520,
    "errorCount" : 122,
    "errorPct" : 0.7384988,
    "meanResTime" : 608.36265133172,
    "medianResTime" : 6.0,
    "minResTime" : 0.0,
    "maxResTime" : 15003.0,
    "pct1ResTime" : 832.0,
    "pct2ResTime" : 5018.699999999993,
    "pct3ResTime" : 10435.68999999999,
    "throughput" : 520.8399016331421,
    "receivedKBytesPerSec" : 150.38009519436912,
    "sentKBytesPerSec" : 112.58745280676587
  },
  "GET All Characters" : {
    "transaction" : "GET All Characters",
    "sampleCount" : 16520,
    "errorCount" : 1874,
    "errorPct" : 11.343825,
    "meanResTime" : 2504.7435835351102,
    "medianResTime" : 8.0,
    "minResTime" : 1.0,
    "maxResTime" : 21321.0,
    "pct1ResTime" : 15000.0,
    "pct2ResTime" : 15001.0,
    "pct3ResTime" : 15007.0,
    "throughput" : 519.7747223358399,
    "receivedKBytesPerSec" : 173181.16216068732,
    "sentKBytesPerSec" : 71.551922902967
  },
  "Total" : {
    "transaction" : "Total",
    "sampleCount" : 82600,
    "errorCount" : 18516,
    "errorPct" : 22.416466,
    "meanResTime" : 628.119915254232,
    "medianResTime" : 8.0,
    "minResTime" : 0.0,
    "maxResTime" : 21321.0,
    "pct1ResTime" : 56.0,
    "pct2ResTime" : 4757.650000000005,
    "pct3ResTime" : 15001.0,
    "throughput" : 2598.7918449534354,
    "receivedKBytesPerSec" : 173735.39556065947,
    "sentKBytesPerSec" : 479.8204530974704
  },
  "GET Character by ID" : {
    "transaction" : "GET Character by ID",
    "sampleCount" : 16520,
    "errorCount" : 0,
    "errorPct" : 0.0,
    "meanResTime" : 11.556355932203374,
    "medianResTime" : 5.0,
    "minResTime" : 0.0,
    "maxResTime" : 826.0,
    "pct1ResTime" : 14.0,
    "pct2ResTime" : 32.0,
    "pct3ResTime" : 70.0,
    "throughput" : 520.9220193611452,
    "receivedKBytesPerSec" : 134.30020811654526,
    "sentKBytesPerSec" : 81.39406552517895
  },
  "PUT Character" : {
    "transaction" : "PUT Character",
    "sampleCount" : 16520,
    "errorCount" : 0,
    "errorPct" : 0.0,
    "meanResTime" : 8.009927360774846,
    "medianResTime" : 5.0,
    "minResTime" : 0.0,
    "maxResTime" : 116.0,
    "pct1ResTime" : 13.0,
    "pct2ResTime" : 19.0,
    "pct3ResTime" : 59.0,
    "throughput" : 520.9713024282561,
    "receivedKBytesPerSec" : 137.36548013245033,
    "sentKBytesPerSec" : 106.8398178807947
  }
}