{
  "DELETE Character" : {
    "transaction" : "DELETE Character",
    "sampleCount" : 119899,
    "errorCount" : 55124,
    "errorPct" : 45.97536,
    "meanResTime" : 20.987939849373525,
    "medianResTime" : 1.0,
    "minResTime" : 0.0,
    "maxResTime" : 19199.0,
    "pct1ResTime" : 4.0,
    "pct2ResTime" : 9.0,
    "pct3ResTime" : 41.0,
    "throughput" : 1154.0401366764522,
    "receivedKBytesPerSec" : 1362.7595863762695,
    "sentKBytesPerSec" : 131.0110267577843
  },
  "POST Character" : {
    "transaction" : "POST Character",
    "sampleCount" : 119979,
    "errorCount" : 55046,
    "errorPct" : 45.879696,
    "meanResTime" : 15.88873052784258,
    "medianResTime" : 1.0,
    "minResTime" : 0.0,
    "maxResTime" : 15647.0,
    "pct1ResTime" : 4.0,
    "pct2ResTime" : 10.0,
    "pct3ResTime" : 37.0,
    "throughput" : 1154.5545526280337,
    "receivedKBytesPerSec" : 1355.525726639634,
    "sentKBytesPerSec" : 134.85498519565908
  },
  "GET All Characters" : {
    "transaction" : "GET All Characters",
    "sampleCount" : 120029,
    "errorCount" : 55182,
    "errorPct" : 45.97389,
    "meanResTime" : 24.258795791016897,
    "medianResTime" : 12.0,
    "minResTime" : 0.0,
    "maxResTime" : 8143.0,
    "pct1ResTime" : 23.0,
    "pct2ResTime" : 29.0,
    "pct3ResTime" : 34.0,
    "throughput" : 1154.7245685259654,
    "receivedKBytesPerSec" : 2910.096864823442,
    "sentKBytesPerSec" : 96.8677640463558
  },
  "Total" : {
    "transaction" : "Total",
    "sampleCount" : 599770,
    "errorCount" : 275455,
    "errorPct" : 45.926773,
    "meanResTime" : 20.527183753772533,
    "medianResTime" : 1.0,
    "minResTime" : 0.0,
    "maxResTime" : 19222.0,
    "pct1ResTime" : 7.0,
    "pct2ResTime" : 7.0,
    "pct3ResTime" : 10.0,
    "throughput" : 5770.015200200103,
    "receivedKBytesPerSec" : 8327.274028552085,
    "sentKBytesPerSec" : 590.1518652112635
  },
  "GET Character by ID" : {
    "transaction" : "GET Character by ID",
    "sampleCount" : 119950,
    "errorCount" : 55032,
    "errorPct" : 45.879116,
    "meanResTime" : 17.261367236348416,
    "medianResTime" : 1.0,
    "minResTime" : 0.0,
    "maxResTime" : 15644.0,
    "pct1ResTime" : 4.0,
    "pct2ResTime" : 10.0,
    "pct3ResTime" : 91.0,
    "throughput" : 1154.4976804173323,
    "receivedKBytesPerSec" : 1350.8442098861383,
    "sentKBytesPerSec" : 98.50125130235905
  },
  "PUT Character" : {
    "transaction" : "PUT Character",
    "sampleCount" : 119913,
    "errorCount" : 55071,
    "errorPct" : 45.925797,
    "meanResTime" : 24.23909000692142,
    "medianResTime" : 1.0,
    "minResTime" : 0.0,
    "maxResTime" : 19222.0,
    "pct1ResTime" : 4.0,
    "pct2ResTime" : 10.0,
    "pct3ResTime" : 42.9900000000016,
    "throughput" : 1154.1526704332175,
    "receivedKBytesPerSec" : 1350.3417428288353,
    "sentKBytesPerSec" : 129.12379756212883
  }
}